FechaHora;DirViento;VelViento;DirVientoCorr;Presion;Humedad;Temp;PuntoRocio;PrecipTotal;IntensidadPrec;Irradiancia
2025-05-12 22:00:00;89.890625;1.22203125;181.0;950.1296875;61.5625;30.193749999999998;22.142187500000002;0.0;0.0;9.0
2025-05-12 23:00:00;124.60375771172181;1.3413404374649467;130.4122265844083;950.7049074593383;64.24873808188447;29.327033090297252;22.038502523836232;0.0;0.0;0.8157599551318003
2025-05-13 00:00:00;158.68305555555557;1.5614861111111111;167.1822222222222;951.4005555555556;67.45138888888889;28.42425;21.985444444444447;0.0;0.0;0.21861111111111112
2025-05-13 01:00:00;95.89083333333333;1.2962222222222222;136.02805555555557;951.8833333333333;71.425;27.50611111111111;22.043222222222223;0.0;0.0;0.0811111111111111
2025-05-13 02:00:00;115.4888888888889;1.3906027777777779;153.74083333333334;952.8785833333333;75.00666666666666;26.808333333333334;22.16841666666667;0.0;0.0;0.25527777777777777
2025-05-13 03:00:00;136.5427777777778;0.8851166666666667;139.4925;953.504638888889;78.73416666666667;25.981027777777776;22.16016666666667;0.0;0.0;0.5616666666666666
2025-05-13 04:00:00;144.94666666666666;1.0588027777777778;159.8;953.5541111111111;76.6511111111111;26.304805555555557;22.035;0.0;0.0;0.4866666666666667
2025-05-13 05:00:00;139.40972222222223;1.4110333333333334;193.26;953.3142499999999;75.64222222222222;26.386472222222224;21.909166666666668;0.0;0.0;0.2608333333333333
2025-05-13 06:00:00;103.585;1.5463833333333332;150.32777777777778;952.9596111111111;76.15;26.22363888888889;21.85861111111111;0.0;0.0;0.09277777777777778
2025-05-13 07:00:00;210.00722222222223;1.6304472222222222;275.45722222222224;952.2119722222222;76.99361111111111;25.887916666666666;21.704138888888888;0.0;0.0;0.011944444444444445
2025-05-13 08:00:00;177.2779362815026;1.3251711840228246;204.67023300047552;952.2563005230622;77.63480741797433;25.715596766524015;21.62477413219211;0.0;0.0;95.23680456490727
2025-05-13 09:00:00;235.4622222222222;1.5216388888888888;221.94097222222223;952.9881388888888;73.10694444444445;26.956930555555555;21.67298611111111;0.0;0.0;278.09291666666667
2025-05-13 10:00:00;143.56444444444443;1.4138138888888887;180.09222222222223;953.2374861111111;74.75486111111111;26.520430555555556;21.51863888888889;0.0;0.0;207.96277777777777
2025-05-13 11:00:00;162.56041666666667;1.1187833333333332;191.39625;953.458486111111;72.99763888888889;27.146166666666666;21.578833333333336;0.0;0.0;290.5879166666667
2025-05-13 12:00:00;171.59805555555556;1.8118263888888888;179.66416666666666;953.0294305555556;67.6138888888889;28.754472222222223;22.01561111111111;0.0;0.0;418.8826388888889
2025-05-13 13:00:00;228.58705357142858;2.3480288461538463;220.0096153846154;952.2852678571429;60.58052884615385;30.133430631868134;21.693526785714287;0.0;0.0;423.7139423076923
2025-05-13 14:00:00;256.24305555555554;2.3346305555555555;232.6436111111111;950.5305833333333;52.471111111111114;32.20333333333333;21.445944444444443;0.0;0.0;486.91333333333336
2025-05-13 15:00:00;252.2163888888889;2.118463888888889;233.8177777777778;950.4227777777778;53.47388888888889;31.821666666666665;21.397694444444443;0.0;0.0;346.1736111111111
2025-05-13 16:00:00;279.1327777777778;2.3465249999999997;256.235;950.7732777777777;57.501666666666665;30.580805555555553;21.43236111111111;0.0;0.0;170.6475
2025-05-13 17:00:00;231.18583333333333;1.659863888888889;254.28555555555556;951.4065555555555;61.1975;29.27561111111111;21.226777777777777;0.0;0.0;39.03388888888889
2025-05-13 18:00:00;180.03222222222223;1.2487944444444443;179.63888888888889;952.4500833333333;65.93277777777777;28.081083333333332;21.284777777777776;0.0;0.0;0.6147222222222222
2025-05-13 19:00:00;144.98638888888888;0.8428166666666667;122.04083333333334;953.1544722222222;75.42;26.337305555555556;21.802194444444442;0.0;0.0;0.9411111111111111
2025-05-13 20:00:00;167.7625;0.8639916666666666;152.2186111111111;953.7826388888889;78.5213888888889;25.317111111111114;21.47425;0.0;0.0;0.49027777777777776
2025-05-13 21:00:00;163.7513888888889;1.1686638888888887;182.50333333333333;954.3929722222223;77.57333333333334;25.21997222222222;21.179222222222222;0.0;0.0;0.6919444444444445
2025-05-13 22:00:00;147.44555555555556;0.9965944444444443;151.40166666666667;954.9242777777778;76.53444444444445;25.257250000000003;21.005;0.0;0.0;0.33194444444444443
2025-05-13 23:00:00;286.65722222222223;1.361127777777778;266.5102777777778;955.0289166666666;76.03694444444444;25.065277777777776;20.711444444444442;0.0;0.0;0.36444444444444446
2025-05-14 00:00:00;258.5363888888889;1.059363888888889;254.6875;954.7846388888889;76.19027777777778;24.882444444444445;20.572138888888887;0.0;0.0;0.10194444444444445
2025-05-14 01:00:00;245.2136111111111;1.1190722222222222;263.8636111111111;954.2769444444444;78.09055555555555;24.279416666666666;20.379777777777775;0.0;0.0;0.40944444444444444
2025-05-14 02:00:00;200.32861111111112;1.1108166666666668;175.60083333333333;953.671611111111;84.15805555555555;23.08502777777778;20.42561111111111;0.0;0.0;0.17305555555555555
2025-05-14 03:00:00;186.22222222222223;0.812336111111111;179.19222222222223;953.5721111111111;87.6425;22.513388888888887;20.523611111111112;0.0;0.0;0.5480555555555555
2025-05-14 04:00:00;176.15833333333333;0.7407416666666666;159.25305555555556;953.6652777777778;88.85444444444444;22.5105;20.73175;0.0;0.0;0.3786111111111111
2025-05-14 05:00:00;192.6677777777778;0.9311638888888889;165.74666666666667;954.0424722222222;89.6836111111111;22.26891666666667;20.642222222222223;0.0;0.0;0.48083333333333333
2025-05-14 06:00:00;183.88055555555556;0.9786694444444445;157.3461111111111;954.5300555555556;90.83972222222222;21.919833333333333;20.505083333333335;0.0;0.0;37.00055555555556
2025-05-14 07:00:00;116.90861111111111;0.5375305555555555;117.55694444444444;955.0305833333333;80.445;24.660583333333335;21.202444444444446;0.0;0.0;239.51333333333332
2025-05-14 08:00:00;118.31916666666666;1.112563888888889;134.01944444444445;954.9039166666666;70.50305555555556;27.068472222222223;21.40972222222222;0.0;0.0;429.12166666666667
2025-05-14 09:00:00;87.22527777777778;1.3844666666666667;102.62472222222222;954.2269166666666;61.845555555555556;29.340444444444447;21.416555555555558;0.0;0.0;724.4544444444444
2025-05-14 10:00:00;60.60111111111111;2.2834083333333335;85.50027777777778;953.6571666666666;55.574444444444445;30.570333333333334;20.852305555555557;0.0;0.0;808.4966666666667
2025-05-14 11:00:00;95.14611111111111;1.9645833333333333;122.65083333333334;952.7535277777777;49.925;32.55652777777778;20.966194444444444;0.0;0.0;1004.2561111111111
2025-05-14 12:00:00;151.05277777777778;2.0525444444444445;200.35472222222222;951.7525555555557;46.56333333333333;33.663583333333335;20.85013888888889;0.0;0.0;899.6208333333333
2025-05-14 13:00:00;269.3827777777778;3.6570222222222224;244.58388888888888;950.5387777777778;51.01444444444444;32.75452777777778;21.49875;0.0;0.0;771.9625
2025-05-14 14:00:00;286.94388888888886;3.142713888888889;266.5463888888889;949.9639722222222;49.361111111111114;32.631388888888885;20.83686111111111;0.0;0.0;829.3277777777778
2025-05-14 15:00:00;270.59305555555557;2.80095;246.89416666666668;949.3505833333334;48.97972222222222;32.70613888888889;20.792250000000003;0.0;0.0;637.465
2025-05-14 16:00:00;284.2788888888889;2.9388055555555557;262.0813888888889;949.265;53.33444444444444;31.418527777777776;20.991805555555555;0.0;0.0;329.42333333333335
2025-05-14 17:00:00;279.0758333333333;2.3965666666666663;284.67805555555555;949.8751944444444;59.16916666666667;29.368444444444442;20.74988888888889;0.0;0.0;65.31
2025-05-14 18:00:00;226.0175;1.4177361111111113;227.4272222222222;951.0565;63.195;28.066777777777776;20.595722222222225;0.0;0.0;2.046111111111111
2025-05-14 19:00:00;237.14638888888888;1.5667472222222223;222.98888888888888;952.1559444444445;66.15611111111112;27.436305555555556;20.72094444444444;0.0;0.0;0.3022222222222222
2025-05-14 20:00:00;211.40444444444444;1.6297277777777779;206.54805555555555;952.7652222222222;69.0625;26.96527777777778;20.979222222222223;0.0;0.0;0.21194444444444444
2025-05-14 21:00:00;121.97027777777778;1.2579083333333334;118.61916666666667;953.7134444444445;71.10583333333334;26.71013888888889;21.20036111111111;0.0;0.0;0.43694444444444447
2025-05-14 22:00:00;171.10444444444445;1.1240861111111111;160.3527777777778;953.9862222222222;72.58472222222223;26.440694444444443;21.28233333333333;0.0;0.0;0.3586111111111111
2025-05-14 23:00:00;160.2513888888889;1.519375;149.7;954.1701666666667;73.35666666666667;26.213500000000003;21.2345;0.0;0.0;0.17222222222222222
2025-05-15 00:00:00;184.7560975609756;1.229349593495935;187.08130081300814;954.4;73.0650406504065;26.11138211382114;21.170731707317074;0.0;0.0;0.016260162601626018
2025-05-19 09:00:00;49.43462246777164;2.237366482504604;62.500920810313076;955.3502762430938;59.0939226519337;30.202762430939224;21.522836095764273;0.0;0.0;870.292817679558
2025-05-19 10:00:00;94.93416666666667;2.0617888888888887;158.2302777777778;954.9458888888889;56.18472222222222;31.24627777777778;21.668055555555554;0.0;0.0;838.0091666666667
2025-05-19 11:00:00;84.41472222222222;1.8472444444444445;121.715;953.7970555555555;50.59222222222222;32.80572222222222;21.397111111111112;0.0;0.0;926.4241666666667
2025-05-19 12:00:00;105.45444444444445;2.0365305555555557;118.50611111111111;952.4438888888889;45.473333333333336;34.32666666666667;21.06475;0.0;0.0;1099.5669444444445
2025-05-19 13:00:00;99.95027777777777;2.2444444444444445;145.6238888888889;951.3185;44.88333333333333;34.02175;20.583472222222223;0.0;0.0;405.25916666666666
2025-05-19 14:00:00;161.82888888888888;3.418827777777778;167.28194444444443;950.7629444444444;49.89611111111111;32.78691666666666;21.15925;0.0;0.0;438.5997222222222
2025-05-19 15:00:00;210.06277777777777;3.6204722222222223;183.83527777777778;950.9051388888889;59.75333333333333;29.733972222222224;21.185972222222222;0.0;0.0;62.70305555555556
2025-05-19 16:00:00;157.19833333333332;1.1474916666666668;155.39416666666668;951.4624166666667;83.4888888888889;24.815472222222223;21.958833333333335;0.0;0.0;43.96944444444444
2025-05-19 17:00:00;166.6475;0.8007333333333333;161.84694444444443;952.0136111111111;89.88916666666667;24.130583333333334;22.517861111111113;0.0;0.0;22.64527777777778
2025-05-19 18:00:00;160.8947222222222;0.6403694444444444;155.29305555555555;952.8406111111111;92.4713888888889;23.944222222222223;22.803055555555556;0.0;0.0;1.2161111111111111
2025-05-19 19:00:00;216.49805555555557;0.9108722222222222;210.7927777777778;953.1896388888889;91.61027777777778;23.895416666666666;22.59997222222222;0.0;0.0;0.012777777777777779
2025-05-19 20:00:00;171.03416666666666;0.8705722222222222;148.43333333333334;953.3851666666667;92.33305555555556;23.74452777777778;22.583805555555553;0.0;0.0;0.07277777777777777
2025-05-19 21:00:00;192.2213888888889;0.9568083333333334;172.72055555555556;953.8706944444444;92.27805555555555;23.422833333333333;22.252861111111113;0.0;0.0;0.09055555555555556
2025-05-19 22:00:00;203.57222222222222;0.9090916666666666;177.57222222222222;954.2617222222223;93.40638888888888;22.748305555555554;21.78636111111111;0.0;0.0;0.01361111111111111
2025-05-19 23:00:00;194.2163888888889;0.7218222222222223;174.11527777777778;954.0765;94.21416666666667;22.24111111111111;21.417527777777778;0.0;0.0;0.11222222222222222
2025-05-20 00:00:00;211.4452777777778;0.9545833333333333;185.74555555555557;953.8538611111111;94.91944444444445;21.837388888888892;21.144555555555552;0.0;0.0;0.08527777777777777
2025-05-20 01:00:00;194.8372222222222;0.8276583333333334;170.5361111111111;953.36;95.43694444444445;21.67111111111111;21.044138888888888;0.0;0.0;0.10861111111111112
2025-05-20 02:00:00;194.20638888888888;0.5656583333333334;171.90722222222223;953.46625;95.31555555555556;21.50786111111111;20.877805555555554;0.0;0.0;0.245
2025-05-20 03:00:00;183.60333333333332;0.9655333333333334;165.10166666666666;953.7197777777778;94.90861111111111;21.734944444444444;21.026305555555556;0.0;0.0;0.0008333333333333334
2025-05-20 04:00:00;182.37;0.7290944444444444;177.9711111111111;954.064388888889;93.63194444444444;21.914611111111114;20.998833333333334;0.0;0.0;0.0011111111111111111
2025-05-20 05:00:00;206.12583333333333;0.7372694444444444;199.02722222222224;954.4970000000001;94.3711111111111;21.604055555555558;20.810166666666667;0.0;0.0;0.5605555555555556
2025-05-20 06:00:00;205.98444444444445;0.9101472222222223;192.28194444444443;955.3380833333333;94.61722222222222;21.62013888888889;20.87575;0.0;0.0;42.32277777777778
2025-05-20 07:00:00;95.7063888888889;0.46334444444444445;113.90194444444444;956.1369166666666;88.03972222222222;23.321583333333333;21.36886111111111;0.0;0.0;172.2288888888889
2025-05-20 08:00:00;118.9225;0.9185944444444445;128.2711111111111;956.3685;74.83694444444444;26.605;21.883194444444445;0.0;0.0;544.0088888888889
2025-05-20 09:00:00;71.86777777777777;1.4235472222222223;100.95555555555555;955.9933333333333;61.6125;29.384277777777775;21.408833333333334;0.0;0.0;705.6363888888889
2025-05-20 10:00:00;139.73638888888888;1.202036111111111;153.44;955.1143055555556;55.01916666666666;30.8045;20.907194444444443;0.0;0.0;641.7322222222223
2025-05-20 11:00:00;107.96555555555555;1.814413888888889;136.27;953.6811111111111;49.95166666666667;32.773805555555555;21.16536111111111;0.0;0.0;944.4983333333333
2025-05-20 12:00:00;66.75277777777778;2.9788444444444444;73.925;952.2153888888888;46.86638888888889;33.67747222222222;20.96563888888889;0.0;0.0;1006.9116666666666
2025-05-20 13:00:00;73.99805555555555;2.293438888888889;101.13444444444444;950.66125;45.89527777777778;34.27661111111111;21.16863888888889;0.0;0.0;884.1366666666667
2025-05-20 14:00:00;178.53972222222222;2.603752777777778;198.8563888888889;949.3696666666667;44.52583333333333;35.361472222222226;21.652722222222224;0.0;0.0;906.3191666666667
2025-05-20 15:00:00;275.55555555555554;2.4326555555555553;262.31;949.0148055555555;49.76888888888889;33.16741666666667;21.472416666666668;0.0;0.0;350.14166666666665
2025-05-20 16:00:00;287.40277777777777;2.6767416666666666;266.3619444444444;949.3025;52.021388888888886;32.16797222222222;21.28108333333333;0.0;0.0;310.08694444444444
2025-05-20 17:00:00;257.9580555555556;1.9627722222222221;241.7175;950.2019444444444;57.941944444444445;30.111194444444447;21.091583333333332;0.0;0.0;35.17111111111111
2025-05-20 18:00:00;197.40444444444444;1.2285805555555556;191.55694444444444;951.6316666666667;64.33333333333333;28.420416666666668;21.20886111111111;0.0;0.0;1.4205555555555556
2025-05-20 19:00:00;218.08666666666667;1.4808527777777778;205.285;953.4679166666666;80.03416666666666;25.47863888888889;21.903305555555555;0.0;0.0;1.3747222222222222
2025-05-20 20:00:00;128.7447222222222;1.4377;133.04083333333332;953.7947777777779;88.50138888888888;24.062583333333333;22.19488888888889;0.0;0.0;0.3263888888888889
2025-05-20 21:00:00;173.14305555555555;0.8393472222222222;171.34194444444444;954.9724166666667;87.36861111111111;23.994333333333334;21.918694444444444;0.0;0.0;0.2991666666666667
2025-05-20 22:00:00;119.49305555555556;1.3313694444444446;97.18805555555555;955.4315;83.63111111111111;24.116027777777777;21.323055555555555;0.0;0.0;0.18416666666666667
2025-05-20 23:00:00;101.82277777777777;0.7008972222222223;93.32055555555556;955.5473333333333;83.66583333333334;24.061083333333332;21.27702777777778;0.0;0.0;0.43722222222222223
2025-05-21 00:00:00;189.80638888888888;0.9041777777777777;164.30388888888888;955.5123333333333;87.72083333333333;23.502694444444444;21.49780555555556;0.0;0.0;0.21138888888888888
2025-05-21 01:00:00;197.82944444444445;0.5760472222222223;175.82666666666665;954.9555833333334;91.06888888888889;23.03938888888889;21.658194444444444;0.0;0.0;0.08361111111111111
2025-05-21 02:00:00;200.06055555555557;1.3933666666666666;174.46055555555554;954.3939166666667;91.75944444444444;22.723666666666666;21.458194444444445;0.0;0.0;0.42194444444444446
2025-05-21 03:00:00;165.3047222222222;0.5649944444444445;139.4036111111111;953.96475;92.93305555555555;22.513527777777778;21.441583333333334;0.0;0.0;0.2075
2025-05-21 04:00:00;175.52833333333334;0.9101055555555556;150.62583333333333;953.9159166666666;93.88805555555555;21.944916666666664;21.07777777777778;0.0;0.0;0.06888888888888889
2025-05-21 05:00:00;197.18;1.0537333333333334;172.17944444444444;954.5268888888888;94.60333333333334;21.422555555555554;20.675861111111114;0.0;0.0;0.3877777777777778
2025-05-21 06:00:00;181.80444444444444;0.8381694444444444;157.90194444444444;955.1051944444445;95.13805555555555;21.15877777777778;20.501055555555556;0.0;0.0;34.50888888888889
2025-05-21 07:00:00;205.25055555555556;0.45431666666666665;209.24666666666667;956.28225;89.2825;23.06716666666667;21.34011111111111;0.0;0.0;160.8925
2025-05-21 08:00:00;144.94805555555556;0.5962333333333334;163.80805555555557;956.5672777777778;80.17194444444445;25.292333333333332;21.772083333333335;0.0;0.0;288.20972222222224
2025-05-21 09:00:00;143.32333333333332;1.21885;165.76333333333332;955.8860833333333;69.12305555555555;27.989805555555556;21.93786111111111;0.0;0.0;723.4863888888889
2025-05-21 10:00:00;128.18694444444444;1.4843555555555557;168.23277777777778;955.1480555555555;58.393055555555556;30.513444444444442;21.60247222222222;0.0;0.0;856.2611111111111
2025-05-21 11:00:00;178.64694444444444;1.6062333333333332;175.96972222222223;954.03125;52.98;31.993055555555557;21.405472222222222;0.0;0.0;897.0505555555555
2025-05-21 12:00:00;166.58555555555554;1.7153694444444445;159.65694444444443;952.5526111111111;50.00555555555555;32.772111111111116;21.184916666666666;0.0;0.0;793.3008333333333
2025-05-21 13:00:00;156.57888888888888;1.8553416666666664;147.395;951.1233333333333;46.75333333333333;33.973555555555556;21.194916666666664;0.0;0.0;732.3013888888889
2025-05-21 14:00:00;252.58583333333334;3.450038888888889;226.53222222222223;950.0987222222222;50.695;33.31055555555555;21.904638888888886;0.0;0.0;687.8091666666667
2025-05-21 15:00:00;284.3197222222222;3.171202777777778;258.7658333333333;949.34125;50.271388888888886;33.68211111111111;22.11202777777778;0.0;0.0;568.8519444444445
2025-05-21 16:00:00;278.41555555555556;2.8775166666666667;255.46527777777777;949.2570277777777;54.161944444444444;32.607083333333335;22.334277777777775;0.0;0.0;325.3227777777778
2025-05-21 17:00:00;198.71027777777778;1.6858972222222222;197.06166666666667;949.8646111111111;63.181111111111115;30.57486111111111;22.898222222222223;0.0;0.0;104.34416666666667
2025-05-21 18:00:00;124.80472222222222;0.7426555555555555;161.2513888888889;950.6253333333334;74.06305555555555;28.198805555555555;23.288611111111113;0.0;0.0;2.4605555555555556
2025-05-21 19:00:00;160.0197222222222;0.7830722222222222;151.51555555555555;951.7768611111112;76.00861111111111;26.96127777777778;22.541972222222224;0.0;0.0;0.7769444444444444
2025-05-21 20:00:00;149.34527777777777;0.7844333333333333;144.34277777777777;952.8017222222222;80.25138888888888;25.856555555555556;22.353416666666668;0.0;0.0;0.5397222222222222
2025-05-21 21:00:00;177.96083333333334;0.9474333333333333;155.9561111111111;953.8645555555555;81.75333333333333;25.38113888888889;22.195833333333333;0.0;0.0;0.6027777777777777
2025-05-21 22:00:00;161.4663888888889;1.0468055555555555;143.36055555555555;954.5247222222222;84.17361111111111;24.776000000000003;22.082277777777776;0.0;0.0;0.4575
2025-05-21 23:00:00;190.3436111111111;0.7817500000000001;187.33972222222224;954.1234722222222;86.52166666666666;24.096972222222224;21.867694444444442;0.0;0.0;0.47805555555555557
2025-05-22 00:00:00;202.13333333333333;0.9349583333333333;176.22972222222222;953.8330555555556;88.51722222222222;23.556416666666667;21.690694444444443;0.0;0.0;0.6883333333333334
2025-05-22 01:00:00;195.72222222222223;0.5177111111111111;171.31861111111112;953.3905555555556;90.64;23.06597222222222;21.590055555555555;0.0;0.0;0.2997222222222222
2025-05-22 02:00:00;176.83555555555554;0.9011361111111111;151.33083333333335;952.8607222222222;92.14555555555556;22.458805555555553;21.27541666666667;0.0;0.0;0.1597222222222222
2025-05-22 03:00:00;183.48166666666665;0.7991277777777778;165.48;952.6911666666667;92.58888888888889;22.117;21.011277777777778;0.0;0.0;0.043611111111111114
2025-05-22 04:00:00;199.04083333333332;0.7837333333333334;176.23777777777778;953.0339444444445;93.02888888888889;21.78372222222222;20.753222222222224;0.0;0.0;0.10194444444444445
2025-05-22 05:00:00;185.79444444444445;0.5728444444444444;161.0888888888889;953.5140555555556;93.21888888888888;21.74663888888889;20.766805555555557;0.0;0.0;0.7366666666666667
2025-05-22 06:00:00;174.49416666666667;0.6318388888888888;163.59083333333334;954.1281944444445;92.05222222222223;22.191750000000003;20.993694444444444;0.0;0.0;58.430277777777775
2025-05-22 07:00:00;119.23083333333334;0.6985555555555556;97.16416666666667;954.6568333333333;80.13583333333334;25.17438888888889;21.635388888888887;0.0;0.0;284.12305555555554
2025-05-22 08:00:00;81.23722222222223;1.2444111111111111;124.98666666666666;954.6564444444444;69.2238888888889;27.876972222222225;21.860305555555556;0.0;0.0;541.2066666666667
2025-05-22 09:00:00;60.1025;2.077952777777778;73.56555555555556;954.4042222222222;61.94555555555556;29.63388888888889;21.742;0.0;0.0;577.8669444444445
2025-05-22 10:00:00;53.20722222222222;3.4024055555555557;38.57527777777778;953.8710833333333;60.8775;30.73511111111111;22.503027777777778;0.0;0.0;750.3591666666666
2025-05-22 11:00:00;53.54361111111111;3.181688888888889;55.94305555555555;952.96375;57.031666666666666;31.758222222222223;22.358;0.0;0.0;694.57
2025-05-22 12:00:00;58.67027777777778;2.5764055555555556;60.13916666666667;951.9084722222223;49.253055555555555;33.44072222222223;21.515222222222224;0.0;0.0;788.4663888888889
2025-05-22 13:00:00;53.6375;2.2313555555555555;66.00333333333333;950.4717499999999;41.81638888888889;34.144083333333334;19.514666666666667;0.0;0.0;649.0908333333333
2025-05-22 14:00:00;76.58666666666667;2.167611111111111;102.11277777777778;949.240361111111;35.32083333333333;35.53477777777778;18.07536111111111;0.0;0.0;643.905
2025-05-22 15:00:00;155.29222222222222;2.227030555555556;147.2447222222222;948.5474444444444;45.45444444444445;33.85986111111111;20.55688888888889;0.0;0.0;220.38194444444446
2025-05-22 16:00:00;251.89333333333335;2.7936805555555555;226.05638888888888;948.2493888888888;56.528888888888886;31.76872222222222;22.246333333333332;0.0;0.0;168.39138888888888
2025-05-22 17:00:00;244.60722222222222;3.1297194444444445;218.85805555555555;949.0001388888888;62.224444444444444;30.154583333333335;22.290222222222223;0.0;0.0;56.235277777777775
2025-05-22 18:00:00;145.88777777777779;1.6755361111111111;141.9375;950.166611111111;65.75277777777778;29.105083333333333;22.218249999999998;0.0;0.0;1.9247222222222222
2025-05-22 19:00:00;92.06527777777778;1.5643555555555557;174.45194444444445;951.5265833333334;68.31305555555555;28.355222222222224;22.13488888888889;0.0;0.0;0.095
2025-05-22 20:00:00;74.35944444444445;1.2358472222222223;110.7611111111111;952.4536666666667;70.68055555555556;27.66336111111111;22.03161111111111;0.0;0.0;0.18444444444444444
2025-05-22 21:00:00;115.70027777777777;1.1585249999999998;176.0963888888889;953.5908611111112;74.255;26.869805555555555;22.06983333333333;0.0;0.0;0.25222222222222224
2025-05-22 22:00:00;155.11333333333334;1.151511111111111;226.10972222222222;953.9057222222223;76.86555555555556;26.30472222222222;22.102777777777778;0.0;0.0;0.6922222222222222
2025-05-22 23:00:00;130.6338888888889;1.4967083333333333;159.83305555555555;953.9925277777778;77.875;26.12172222222222;22.13111111111111;0.0;0.0;0.1897222222222222
2025-05-23 00:00:00;141.1963888888889;1.1146805555555555;145.89444444444445;953.9667499999999;83.53111111111112;24.569305555555555;21.76661111111111;0.0;0.0;0.2677777777777778
2025-05-23 01:00:00;167.17277777777778;0.8721972222222222;160.96972222222223;953.6260833333333;86.25527777777778;23.73363888888889;21.465777777777777;0.0;0.0;0.5316666666666666
2025-05-23 02:00:00;192.6236111111111;0.9037388888888889;172.0211111111111;953.1541944444444;88.59555555555555;23.147444444444446;21.323416666666667;0.0;0.0;0.5113888888888889
2025-05-23 03:00:00;199.77583333333334;0.8026055555555556;210.07194444444445;952.9761944444444;89.07583333333334;23.096694444444445;21.343500000000002;0.0;0.0;0.4936111111111111
2025-05-23 04:00:00;210.07944444444445;0.4415222222222222;187.77666666666667;953.1161111111111;90.6536111111111;22.827722222222224;21.36997222222222;0.0;0.0;0.39166666666666666
2025-05-23 05:00:00;180.05777777777777;0.7419305555555555;161.2538888888889;953.5708055555556;90.77583333333334;22.677833333333332;21.25583333333333;0.0;0.0;1.0083333333333333
2025-05-23 06:00:00;211.87833333333333;0.6996194444444445;186.47416666666666;954.0230833333334;91.41472222222222;22.344805555555556;21.02375;0.0;0.0;35.95527777777778
2025-05-23 07:00:00;149.84694444444443;0.6884194444444445;166.73944444444444;954.2725555555556;81.8925;24.81786111111111;21.663305555555553;0.0;0.0;204.4388888888889
2025-05-23 08:00:00;142.16833333333332;1.0082416666666667;170.43305555555557;954.6059444444444;76.1925;26.375;22.014833333333332;0.0;0.0;260.84055555555557
2025-05-23 09:00:00;59.41916666666667;2.177611111111111;79.69361111111111;954.493388888889;69.30305555555556;28.2095;22.209722222222222;0.0;0.0;675.0305555555556
2025-05-23 10:00:00;59.766666666666666;3.7708;37.75277777777778;954.2414166666667;64.68472222222222;29.320416666666667;22.145805555555555;0.0;0.0;711.6897222222223
2025-05-23 11:00:00;55.84888888888889;2.7962166666666666;62.15361111111111;953.445111111111;54.29805555555556;31.68525;21.49486111111111;0.0;0.0;916.7369444444445
2025-05-23 12:00:00;76.075;1.8928333333333334;104.06361111111111;951.8825555555557;44.83111111111111;33.80061111111111;20.29997222222222;0.0;0.0;907.0802777777777
2025-05-23 13:00:00;62.76222222222222;2.4950972222222223;90.8225;950.2933611111112;38.022777777777776;35.532722222222226;19.29077777777778;0.0;0.0;971.4836111111111
2025-05-23 14:00:00;55.971111111111114;2.7793972222222223;69.32805555555555;949.0388888888889;35.24444444444445;36.15275;18.61925;0.0;0.0;707.2227777777778
2025-05-23 15:00:00;237.14527777777778;2.934561111111111;218.20138888888889;947.9525833333333;40.794444444444444;35.92208333333333;20.72313888888889;0.0;0.0;557.22
2025-05-23 16:00:00;246.12805555555556;3.769355555555556;220.17305555555555;948.0482777777777;47.19583333333333;33.935583333333334;21.30902777777778;0.0;0.0;344.33416666666665
2025-05-23 17:00:00;236.8647222222222;2.2511194444444445;222.115;949.0068333333334;56.25138888888889;31.336666666666666;21.737555555555556;0.0;0.0;64.11527777777778
2025-05-23 18:00:00;206.57888888888888;1.6750055555555556;238.3361111111111;950.0893888888888;64.02527777777777;29.23138888888889;21.89625;0.0;0.0;1.9675
2025-05-23 19:00:00;173.3022222222222;1.4186305555555554;202.9636111111111;951.6353333333334;66.55222222222223;28.520444444444447;21.8635;0.0;0.0;0.4519444444444444
2025-05-23 20:00:00;197.76722222222222;2.3140722222222223;180.7697222222222;952.8621666666667;67.69888888888889;28.265083333333333;21.900555555555556;0.0;0.0;0.2425
2025-05-23 21:00:00;132.08444444444444;1.3895527777777779;118.91888888888889;953.5760555555555;70.38777777777777;27.646527777777777;21.925583333333332;0.0;0.0;0.38555555555555554
2025-05-23 22:00:00;123.7275;1.8612527777777779;101.92083333333333;953.8688888888889;72.77083333333333;27.223027777777776;22.072611111111115;0.0;0.0;0.41805555555555557
2025-05-23 23:00:00;96.74638888888889;2.2120555555555557;70.84305555555555;953.2715;76.13805555555555;26.463027777777775;22.070138888888888;0.0;0.0;0.05333333333333334
2025-05-24 00:00:00;102.48416666666667;1.1507055555555556;96.18027777777777;953.4825833333333;79.85944444444445;25.588055555555556;22.01877777777778;0.0;0.0;0.1988888888888889
2025-05-24 01:00:00;116.92194444444445;1.1644944444444445;105.61694444444444;953.554;82.88527777777777;24.24613888888889;21.329777777777778;0.0;0.0;0.165
2025-05-24 02:00:00;130.27805555555557;1.2504194444444445;118.9738888888889;953.2312777777778;85.21694444444445;23.46608333333333;20.995583333333336;0.0;0.0;0.36333333333333334
2025-05-24 03:00:00;136.4;0.798136111111111;119.5975;952.9780555555556;87.31222222222222;22.99222222222222;20.91211111111111;0.0;0.0;0.5336111111111111
2025-05-24 04:00:00;159.77527777777777;0.977225;139.4725;953.3155277777778;88.67694444444444;22.506666666666668;20.696499999999997;0.0;0.0;0.29305555555555557
2025-05-24 05:00:00;201.9825;0.61515;193.57638888888889;953.7095833333333;90.24694444444444;22.00563888888889;20.47425;0.0;0.0;1.1844444444444444
2025-05-24 06:00:00;174.9363888888889;0.5982222222222222;152.33416666666668;954.6275833333333;90.135;22.10463888888889;20.568944444444444;0.0;0.0;48.37027777777778
2025-05-24 07:00:00;115.24694444444444;0.8078;102.45527777777778;955.2278055555556;76.93055555555556;25.400805555555554;21.174583333333334;0.0;0.0;272.34194444444444
2025-05-24 08:00:00;88.73055555555555;1.3613666666666666;81.47277777777778;955.1369166666666;66.37861111111111;27.67238888888889;20.99747222222222;0.0;0.0;441.40805555555556
2025-05-24 09:00:00;62.324444444444445;1.7891194444444445;111.9625;954.7051944444445;59.74;29.628805555555555;21.152250000000002;0.0;0.0;659.3158333333333
2025-05-24 10:00:00;58.64138888888889;2.057872222222222;75.27027777777778;954.0496111111112;51.459722222222226;31.433305555555553;20.40486111111111;0.0;0.0;748.3222222222222
2025-05-24 11:00:00;54.354166666666664;3.1541694444444444;44.655833333333334;953.29825;53.989444444444445;31.65011111111111;21.372305555555556;0.0;0.0;563.9844444444444
2025-05-24 12:00:00;60.785555555555554;3.1923805555555553;37.367777777777775;952.6119166666666;55.815555555555555;31.564638888888886;21.863694444444445;0.0;0.0;459.4461111111111
2025-05-24 13:00:00;61.515;2.9388750000000003;40.95111111111111;951.709;55.15611111111111;31.973305555555555;22.04738888888889;0.0;0.0;488.0361111111111
2025-05-24 14:00:00;174.67805555555555;2.436141666666667;168.73111111111112;950.8664166666667;55.24055555555555;32.00333333333333;22.09061111111111;0.0;0.0;299.20416666666665
2025-05-24 15:00:00;204.43972222222223;2.2282333333333333;186.6825;950.7166111111112;63.19861111111111;30.527250000000002;22.920861111111112;0.0;0.0;261.50138888888887
2025-05-24 16:00:00;225.83805555555554;2.5741388888888888;204.7888888888889;950.8894444444444;69.81388888888888;28.95011111111111;23.046027777777777;0.0;0.0;118.80027777777778
2025-05-24 17:00:00;169.43472222222223;1.4430333333333334;181.69055555555556;951.322;71.1325;28.228083333333334;22.66786111111111;0.0;0.0;75.1825
2025-05-24 18:00:00;93.45111111111112;1.7976305555555556;78.55888888888889;952.3429166666666;73.81361111111111;27.162888888888887;22.262;0.0;0.0;1.24
2025-05-24 19:00:00;98.27972222222222;1.5483722222222223;165.57638888888889;953.5263888888888;75.49888888888889;26.528333333333332;21.994805555555555;0.0;0.0;0.23833333333333334
2025-05-24 20:00:00;84.91277777777778;1.586036111111111;89.90722222222222;954.4212777777778;76.11472222222223;26.258833333333335;21.86138888888889;0.0;0.0;0.4486111111111111
2025-05-24 21:00:00;139.03694444444446;1.5614750000000002;168.53277777777777;955.0727222222223;75.09416666666667;26.352583333333335;21.761666666666667;0.0;0.0;0.043611111111111114
2025-05-24 22:00:00;206.34583333333333;1.3840277777777779;234.34416666666667;955.3005833333334;75.0286111111111;26.310333333333332;21.714416666666665;0.0;0.0;0.2061111111111111
2025-05-24 23:00:00;110.14416666666666;1.3896027777777777;121.04138888888889;955.3748333333333;76.04138888888889;26.183888888888887;21.786305555555554;0.0;0.0;0.07222222222222222
2025-05-25 00:00:00;155.98888888888888;1.2995777777777777;142.88555555555556;955.3574722222222;76.98972222222223;25.840694444444445;21.671611111111112;0.0;0.0;0.06166666666666667
2025-05-25 01:00:00;168.66;1.3676722222222222;157.255;954.9055555555556;77.40972222222223;25.42877777777778;21.350694444444443;0.0;0.0;0.19805555555555557
2025-05-25 02:00:00;242.96083333333334;1.7596222222222224;217.35888888888888;954.5151111111111;77.37666666666667;25.25711111111111;21.203;0.0;0.0;0.31777777777777777
2025-05-25 03:00:00;189.73166666666665;0.9603527777777777;173.42833333333334;954.3354444444444;78.49138888888889;25.042833333333334;21.220416666666665;0.0;0.0;0.3566666666666667
2025-05-25 04:00:00;239.1238888888889;0.9422472222222222;255.12027777777777;954.5351666666667;80.32805555555555;24.657083333333333;21.19672222222222;0.0;0.0;0.3488888888888889
2025-05-25 05:00:00;127.94666666666667;0.5292055555555556;121.14222222222222;954.9515;85.43083333333334;23.74897222222222;21.307444444444446;0.0;0.0;0.7180555555555556
2025-05-25 06:00:00;141.83972222222224;0.7523638888888889;135.43666666666667;955.4104444444445;86.23333333333333;23.670388888888887;21.388527777777778;0.0;0.0;39.80166666666667
2025-05-25 07:00:00;85.93416666666667;1.3691972222222222;67.14527777777778;955.79975;78.55722222222222;25.638166666666667;21.752305555555555;0.0;0.0;279.7525
2025-05-25 08:00:00;121.63833333333334;1.5607527777777779;155.48916666666668;956.1018611111111;66.10055555555556;28.77422222222222;21.990833333333335;0.0;0.0;520.1944444444445
2025-05-25 09:00:00;125.18444444444444;1.6959833333333334;161.9375;956.0657222222222;59.653888888888886;30.71622222222222;22.13872222222222;0.0;0.0;754.6366666666667
2025-05-25 10:00:00;181.36833333333334;2.6455194444444445;281.8433333333333;955.4932222222222;56.08083333333333;31.462861111111113;21.838944444444444;0.0;0.0;707.7447222222222
2025-05-25 11:00:00;279.8933333333333;3.110313888888889;258.6525;954.4611666666667;54.00888888888889;32.21066666666667;21.923083333333334;0.0;0.0;725.8080555555556
2025-05-25 12:00:00;251.3475;3.642911111111111;228.795;953.3216111111111;51.636944444444445;32.979888888888894;21.900861111111112;0.0;0.0;1027.325
2025-05-25 13:00:00;264.4161111111111;3.744838888888889;240.28;952.3158333333333;49.81861111111111;33.54666666666667;21.837944444444446;0.0;0.0;858.9469444444444
2025-05-25 14:00:00;233.90583333333333;4.084705555555556;207.58944444444444;951.8125;59.10888888888889;30.846916666666665;22.094583333333333;0.0;0.0;470.265
2025-05-25 15:00:00;245.9361111111111;4.022925;220.18166666666667;951.0078333333333;56.99527777777778;31.36811111111111;22.01936111111111;0.0;0.0;541.6791666666667
2025-05-25 16:00:00;237.26805555555555;3.4648777777777777;212.9386111111111;950.96475;57.76888888888889;30.942055555555555;21.849166666666665;0.0;0.0;319.3497222222222
2025-05-25 17:00:00;239.42222222222222;2.1679916666666665;241.31805555555556;951.8929722222223;62.79;29.06961111111111;21.431;0.0;0.0;48.50805555555556
2025-05-25 18:00:00;160.8361111111111;1.3722166666666666;174.03583333333333;953.1062777777778;65.7063888888889;27.921000000000003;21.09391666666667;0.0;0.0;1.2275
2025-05-25 19:00:00;204.07833333333335;2.1673416666666667;189.6147222222222;953.9293611111111;67.67666666666666;27.390777777777778;21.049750000000003;0.0;0.0;0.05138888888888889
2025-05-25 20:00:00;166.58944444444444;1.6315805555555554;164.58527777777778;954.9090833333333;71.57138888888889;26.68238888888889;21.283305555555554;0.0;0.0;0.0038888888888888888
2025-05-25 21:00:00;114.3536111111111;1.3403805555555555;120.25055555555555;955.7110833333334;72.85666666666667;26.429055555555554;21.340583333333335;0.0;0.0;0.10722222222222222
2025-05-25 22:00:00;136.07888888888888;1.2973611111111112;125.87638888888888;956.1696666666667;73.86527777777778;26.087666666666667;21.235055555555554;0.0;0.0;0.1361111111111111
2025-05-25 23:00:00;181.56861111111112;1.9155499999999999;167.96527777777777;956.0604999999999;74.33277777777778;25.80775;21.08386111111111;0.0;0.0;0.06027777777777778
2025-05-26 00:00:00;85.43583333333333;1.5974000000000002;68.53166666666667;955.7938333333333;76.0375;25.253027777777778;20.895972222222223;0.0;0.0;0.11722222222222223
2025-05-26 01:00:00;114.21388888888889;1.409688888888889;109.51194444444444;955.4984444444444;75.8411111111111;25.19488888888889;20.79705555555556;0.0;0.0;0.23916666666666667
2025-05-26 02:00:00;106.35333333333334;1.125475;112.34861111111111;954.7549444444444;76.06972222222223;25.095444444444446;20.733999999999998;0.0;0.0;0.44583333333333336
2025-05-26 03:00:00;127.95388888888888;1.2188583333333334;129.95055555555555;954.4573888888889;77.40194444444444;24.814305555555556;20.7515;0.0;0.0;0.2783333333333333
2025-05-26 04:00:00;159.00166666666667;1.106263888888889;135.9975;954.563;80.70194444444445;24.249194444444445;20.876444444444445;0.0;0.0;0.6197222222222222
2025-05-26 05:00:00;150.475;0.7876444444444445;150.38722222222222;954.9098055555555;81.07805555555555;24.139166666666668;20.84786111111111;0.0;0.0;0.8436111111111111
2025-05-26 06:00:00;174.5725;0.637075;177.26888888888888;955.525361111111;82.37361111111112;23.978555555555555;20.951305555555553;0.0;0.0;36.22083333333333
2025-05-26 07:00:00;110.40666666666667;0.81955;110.09861111111111;956.3758611111111;77.04805555555555;25.29636111111111;21.137194444444447;0.0;0.0;101.15333333333334
2025-05-26 08:00:00;124.72833333333334;1.2854055555555555;115.445;956.6385833333333;71.36944444444444;26.63986111111111;21.19375;0.0;0.0;260.1430555555556
2025-05-26 09:00:00;230.1425;2.6234833333333336;210.69611111111112;956.601;63.73222222222222;28.721305555555556;21.350833333333334;0.0;0.0;554.7072222222222
2025-05-26 10:00:00;233.5725;2.7145083333333333;213.69361111111112;956.1961388888889;57.74444444444445;30.41813888888889;21.311916666666665;0.0;0.0;724.5244444444445
2025-05-26 11:00:00;266.66805555555555;2.7302333333333335;242.18722222222223;955.4763333333333;57.96083333333333;30.2795;21.27658333333333;0.0;0.0;434.9447222222222
2025-05-26 12:00:00;260.44083333333333;3.176472222222222;236.28277777777777;954.6277777777777;55.937777777777775;30.910722222222223;21.28361111111111;0.0;0.0;573.3272222222222
2025-05-26 13:00:00;243.92666666666668;3.153722222222222;219.0613888888889;953.322;53.66305555555556;31.451527777777777;21.12275;0.0;0.0;508.01472222222225
2025-05-26 14:00:00;272.18111111111114;2.7581083333333334;250.645;952.5045555555555;55.103611111111114;31.17061111111111;21.28013888888889;0.0;0.0;360.91055555555556
2025-05-26 15:00:00;251.3925;1.7845305555555557;228.83;952.4206944444444;65.19666666666667;29.08775;21.982666666666667;0.0;0.0;198.14277777777778
2025-05-26 16:00:00;113.92333333333333;1.2628777777777778;187.87083333333334;952.5082222222222;65.34583333333333;29.06888888888889;22.055833333333332;0.0;0.0;258.56166666666667
2025-05-26 17:00:00;274.02166666666665;1.6421111111111113;255.89055555555555;953.1103055555556;61.66416666666667;28.68752777777778;20.779555555555554;0.0;0.0;53.599444444444444
2025-05-26 18:00:00;165.27027777777778;1.332086111111111;145.14;954.1386944444444;66.39138888888888;27.25172222222222;20.610055555555554;0.0;0.0;2.051111111111111
2025-05-26 19:00:00;165.70444444444445;1.284563888888889;156.9988888888889;955.1237777777778;69.50944444444444;26.56286111111111;20.692777777777778;0.0;0.0;0.435
2025-05-26 20:00:00;123.12333333333333;1.2686472222222223;114.4225;956.0658333333333;71.15305555555555;26.15716666666667;20.681833333333334;0.0;0.0;0.19944444444444445
2025-05-26 21:00:00;145.95472222222222;0.7637999999999999;132.1538888888889;956.9822222222223;73.63;25.56352777777778;20.671916666666664;0.0;0.0;0.8161111111111111
2025-05-26 22:00:00;84.49472222222222;1.5587;61.79055555555556;957.2872777777777;72.10555555555555;25.716416666666667;20.48713888888889;0.0;0.0;0.1738888888888889
2025-05-26 23:00:00;91.775;1.507036111111111;66.07027777777778;957.091138888889;74.57944444444445;24.837888888888887;20.17563888888889;0.0;0.0;0.12055555555555555
2025-05-27 00:00:00;150.73916666666668;0.6554722222222221;157.13583333333332;957.0473611111111;79.12611111111111;23.89977777777778;20.21719444444445;0.0;0.0;0.2866666666666667
2025-05-27 01:00:00;163.68694444444444;0.8930138888888889;140.8825;956.6338333333333;85.02472222222222;22.649527777777777;20.15202777777778;0.0;0.0;0.6791666666666667
2025-05-27 02:00:00;145.57722222222222;0.6423527777777778;131.87555555555556;956.1006666666666;86.92805555555556;22.46172222222222;20.335305555555557;0.0;0.0;0.5519444444444445
2025-05-27 03:00:00;191.58;0.5414083333333333;178.47944444444445;955.9168055555556;88.47083333333333;22.079638888888887;20.24088888888889;0.0;0.0;0.8477777777777777
2025-05-27 04:00:00;185.7161111111111;0.6630833333333334;166.11222222222221;956.0459722222222;87.55055555555556;22.29213888888889;20.2805;0.0;0.0;0.4111111111111111
2025-05-27 05:00:00;187.87083333333334;0.6515027777777778;163.36944444444444;956.2008611111112;89.30805555555555;21.836750000000002;20.153638888888892;0.0;0.0;0.6247222222222222
2025-05-27 06:00:00;204.94416666666666;1.164488888888889;180.74055555555555;956.9331388888888;89.58277777777778;21.711055555555557;20.07075;0.0;0.0;37.265277777777776
2025-05-27 07:00:00;107.90444444444445;0.9792583333333333;86.7161111111111;957.0746666666668;77.18888888888888;25.18016666666667;21.02511111111111;0.0;0.0;335.05055555555555
2025-05-27 08:00:00;100.91305555555556;1.4486277777777778;108.96388888888889;956.8302777777777;64.78722222222223;28.27713888888889;21.167694444444443;0.0;0.0;515.9416666666667
2025-05-27 09:00:00;85.36472222222223;1.813075;116.71555555555555;956.6846111111112;56.858333333333334;30.096083333333333;20.782861111111114;0.0;0.0;734.9477777777778
2025-05-27 10:00:00;100.96722222222222;1.753125;128.82527777777779;955.8642777777777;49.239444444444445;31.931777777777775;20.15844444444444;0.0;0.0;832.6747222222223
2025-05-27 11:00:00;61.8125;2.6528;86.69472222222223;954.5876388888889;46.451388888888886;33.162111111111116;20.349777777777778;0.0;0.0;987.2055555555555
2025-05-27 12:00:00;83.59694444444445;2.3081083333333337;133.58944444444444;953.2339722222222;42.675555555555555;34.271166666666666;19.996499999999997;0.0;0.0;986.2075
2025-05-27 13:00:00;70.11638888888889;2.469533333333333;89.99222222222222;951.6427777777777;40.69;35.274138888888885;20.13936111111111;0.0;0.0;932.0411111111111
2025-05-27 14:00:00;65.34694444444445;2.7306194444444443;77.53777777777778;950.5051666666667;40.52722222222222;35.66788888888889;20.42972222222222;0.0;0.0;791.1208333333333
2025-05-27 15:00:00;267.68111111111114;2.6720361111111113;250.91416666666666;949.9103055555556;45.73138888888889;34.54116666666667;21.352222222222224;0.0;0.0;517.6944444444445
2025-05-27 16:00:00;274.0422222222222;2.9107694444444445;253.59916666666666;949.9732499999999;50.761944444444445;32.90269444444444;21.530305555555557;0.0;0.0;309.62055555555554
2025-05-27 17:00:00;246.21555555555557;2.123775;232.275;950.8479444444445;58.50833333333333;30.31725;21.44725;0.0;0.0;37.695277777777775
2025-05-27 18:00:00;229.98916666666668;1.90305;221.91611111111112;951.8028888888889;62.045;29.203277777777778;21.34622222222222;0.0;0.0;1.3852777777777778
2025-05-27 19:00:00;218.0638888888889;1.8714027777777777;198.93527777777777;952.9444166666666;64.61444444444444;28.641083333333334;21.47513888888889;0.0;0.0;0.028055555555555556
2025-05-27 20:00:00;172.73722222222221;1.2988499999999998;175.8161111111111;954.0933055555555;66.61805555555556;28.203611111111112;21.591583333333332;0.0;0.0;0.22944444444444445
2025-05-27 21:00:00;130.26805555555555;1.3375916666666667;141.50722222222223;955.0265277777778;70.20166666666667;27.60936111111111;21.87938888888889;0.0;0.0;0.08305555555555555
2025-05-27 22:00:00;129.255;0.8886916666666667;125.93722222222222;955.4604166666667;71.91777777777777;27.191694444444447;21.87261111111111;0.0;0.0;0.13972222222222222
2025-05-27 23:00:00;139.6472222222222;1.0872694444444444;144.0425;955.3708055555555;74.25083333333333;26.545666666666666;21.752138888888886;0.0;0.0;0.43472222222222223
2025-05-28 00:00:00;155.13861111111112;0.9745527777777777;149.1352777777778;955.0105833333333;78.0875;25.491694444444445;21.55655555555556;0.0;0.0;0.17722222222222223
2025-05-28 01:00:00;185.95916666666668;1.1271305555555555;160.26944444444445;954.2471111111112;82.29916666666666;24.306083333333333;21.25530555555556;0.0;0.0;0.3308333333333333
2025-05-28 02:00:00;175.79;0.9540527777777779;164.18722222222223;953.8223611111111;84.86222222222223;23.805861111111113;21.25061111111111;0.0;0.0;0.13
2025-05-28 03:00:00;183.5963888888889;1.133813888888889;167.79222222222222;953.7372222222223;86.7875;23.077333333333332;20.913833333333333;0.0;0.0;0.4275
2025-05-28 04:00:00;191.00277777777777;1.7305527777777776;164.99972222222223;954.0814722222223;87.84194444444445;22.67077777777778;20.702611111111114;0.0;0.0;0.19083333333333333
2025-05-28 05:00:00;180.3061111111111;0.6357527777777778;157.3025;954.3420000000001;89.33583333333333;22.121916666666664;20.435861111111112;0.0;0.0;1.1575
2025-05-28 06:00:00;156.9388888888889;0.9736722222222222;131.2375;954.7249444444444;89.71861111111112;22.288416666666667;20.669833333333333;0.0;0.0;63.12861111111111
2025-05-28 07:00:00;113.02583333333334;0.5974472222222222;95.90166666666667;955.1070000000001;78.79666666666667;25.274888888888892;21.479777777777777;0.0;0.0;248.40972222222223
2025-05-28 08:00:00;136.83305555555555;1.0576694444444446;150.9825;955.125;67.93305555555555;28.39488888888889;22.066777777777776;0.0;0.0;487.6325
2025-05-28 09:00:00;80.71916666666667;1.6789500000000002;112.07111111111111;954.6357222222223;59.46111111111111;30.81188888888889;22.155833333333334;0.0;0.0;754.8836111111111
2025-05-28 10:00:00;67.25055555555555;2.218272222222222;110.50222222222222;953.7101388888889;51.79194444444445;32.92308333333334;21.895055555555555;0.0;0.0;877.6744444444445
2025-05-28 11:00:00;98.31833333333333;1.9287694444444443;127.0475;952.4005833333333;44.77972222222222;34.66438888888889;21.098555555555556;0.0;0.0;892.9411111111111
2025-05-28 12:00:00;231.02722222222224;3.5164416666666667;218.0425;951.5407777777777;46.94916666666666;34.523833333333336;21.74511111111111;0.0;0.0;713.6069444444445
2025-05-28 13:00:00;241.52388888888888;4.329330555555556;215.33666666666667;951.1831111111112;52.02916666666667;32.14538888888889;21.2585;0.0;0.0;291.4247222222222
2025-05-28 14:00:00;239.735;3.3987694444444445;214.21277777777777;950.5060555555555;52.00055555555556;32.1825;21.28377777777778;0.0;0.0;301.72027777777777
2025-05-28 15:00:00;239.66694444444445;3.087252777777778;215.39638888888888;949.8683611111111;51.02055555555555;32.69836111111111;21.439722222222223;0.0;0.0;441.3547222222222
2025-05-28 16:00:00;232.72694444444446;3.474625;207.88444444444445;950.0396111111112;56.38194444444444;31.145249999999997;21.624694444444444;0.0;0.0;238.71444444444444
2025-05-28 17:00:00;227.85666666666665;2.373186111111111;210.90722222222223;950.8221666666666;59.25416666666667;30.250194444444443;21.59688888888889;0.0;0.0;91.92111111111112
2025-05-28 18:00:00;143.24305555555554;1.3137666666666667;159.09333333333333;951.995;64.12805555555556;28.79733333333333;21.49872222222222;0.0;0.0;2.0902777777777777
2025-05-28 19:00:00;164.20083333333332;1.4776472222222221;173.2525;952.687;66.19805555555556;28.02038888888889;21.309083333333334;0.0;0.0;0.41
2025-05-28 20:00:00;101.65527777777778;1.4855916666666666;126.69555555555556;953.9457222222222;68.18083333333334;27.560916666666667;21.342888888888886;0.0;0.0;0.32472222222222225
2025-05-28 21:00:00;71.58361111111111;1.352325;85.275;954.5309444444445;70.13888888888889;27.24375;21.477666666666668;0.0;0.0;0.10138888888888889
2025-05-28 22:00:00;85.20527777777778;1.9324472222222224;163.90166666666667;954.9198055555555;71.54527777777778;26.855555555555554;21.461194444444445;0.0;0.0;0.10472222222222222
2025-05-28 23:00:00;113.69222222222223;1.6336555555555554;144.18916666666667;955.0460833333333;74.5813888888889;26.20377777777778;21.483888888888888;0.0;0.0;0.16
2025-05-29 00:00:00;143.5713888888889;1.53235;208.96722222222223;954.7944722222222;77.56777777777778;25.521638888888887;21.475472222222223;0.0;0.0;0.1338888888888889
2025-05-29 01:00:00;164.51055555555556;1.1973194444444446;143.10805555555555;954.1202222222222;82.10833333333333;24.029916666666665;20.946916666666667;0.0;0.0;0.3786111111111111
2025-05-29 02:00:00;138.52138888888888;1.0964444444444443;141.71972222222223;953.9796111111111;85.36416666666666;23.04213888888889;20.609333333333336;0.0;0.0;0.13444444444444445
2025-05-29 03:00:00;188.54972222222221;0.6485805555555555;170.65;954.1076666666667;88.4336111111111;21.99277777777778;20.15297222222222;0.0;0.0;0.7472222222222222
2025-05-29 04:00:00;206.8575;0.7480722222222222;188.6586111111111;954.1631666666666;90.46444444444444;21.37161111111111;19.90061111111111;0.0;0.0;0.7161111111111111
2025-05-29 05:00:00;221.32416666666666;0.8456416666666666;198.7236111111111;954.5414722222222;89.30333333333333;21.793222222222223;20.110861111111113;0.0;0.0;1.2108333333333334
2025-05-29 06:00:00;156.08527777777778;0.6200611111111111;144.9788888888889;955.2771666666666;87.08166666666666;22.116333333333333;20.016416666666668;0.0;0.0;25.829722222222223
2025-05-29 07:00:00;123.31277777777778;0.5644194444444445;131.74333333333334;956.1211111111111;82.01388888888889;23.289138888888886;20.204444444444444;0.0;0.0;116.77805555555555
2025-05-29 08:00:00;80.79527777777778;1.0977861111111111;114.43666666666667;956.7005833333334;76.19722222222222;25.00358333333333;20.668166666666664;0.0;0.0;263.1333333333333
2025-05-29 09:00:00;139.93833333333333;1.4727777777777777;195.48805555555555;955.8112222222222;63.88166666666667;28.837694444444445;21.46763888888889;0.0;0.0;741.0372222222222
2025-05-29 10:00:00;139.0075;1.5415166666666666;152.85361111111112;954.5318611111112;54.65083333333333;31.38125;21.333666666666666;0.0;0.0;719.8783333333333
2025-05-29 11:00:00;218.86138888888888;1.7850861111111112;256.01916666666665;953.4018333333333;46.62388888888889;33.395583333333335;20.62113888888889;0.0;0.0;767.7630555555555
2025-05-29 12:00:00;198.95694444444445;2.0192;209.31583333333333;952.2206944444445;39.62638888888889;35.28825;19.7215;0.0;0.0;641.4783333333334
2025-05-29 13:00:00;232.63416666666666;2.678502777777778;219.38777777777779;951.5821111111111;43.87222222222222;34.591972222222225;20.71127777777778;0.0;0.0;474.9786111111111
2025-05-29 14:00:00;256.0686111111111;3.5023166666666667;230.02333333333334;950.8570000000001;47.861666666666665;33.752;21.37325;0.0;0.0;552.5075
2025-05-29 15:00:00;256.50555555555553;3.239866666666667;232.0625;950.190111111111;46.575;34.42033333333333;21.541694444444445;0.0;0.0;610.4897222222222
2025-05-29 16:00:00;234.17111111111112;3.562708333333333;209.8177777777778;950.2317222222223;49.496944444444445;33.48005555555555;21.677805555555558;0.0;0.0;362.9113888888889
2025-05-29 17:00:00;233.53833333333333;1.9728666666666665;231.6286111111111;950.9867222222223;55.861111111111114;31.37975;21.69125;0.0;0.0;86.62972222222223
2025-05-29 18:00:00;245.60472222222222;1.8204916666666668;247.3347222222222;952.2699722222222;60.60777777777778;29.905944444444444;21.67263888888889;0.0;0.0;6.155555555555556
2025-05-29 19:00:00;194.90666666666667;1.4439027777777778;220.31694444444443;953.0758333333333;64.5275;28.87127777777778;21.679777777777776;0.0;0.0;0.25527777777777777
2025-05-29 20:00:00;151.46083333333334;1.2709472222222222;162.04944444444445;953.9086666666667;67.24944444444445;28.194277777777778;21.73125;0.0;0.0;0.32666666666666666
2025-05-29 21:00:00;96.46194444444444;1.5661944444444444;154.05166666666668;954.4678333333333;70.93;27.48122222222222;21.914527777777778;0.0;0.0;0.03333333333333333
2025-05-29 22:00:00;150.9911111111111;1.639527777777778;242.66472222222222;954.952861111111;71.78305555555555;27.354111111111113;21.989277777777776;0.0;0.0;0.2619444444444444
2025-05-29 23:00:00;224.91027777777776;1.2180944444444446;259.70694444444445;954.9831111111112;73.76916666666666;26.958194444444445;22.032472222222225;0.0;0.0;0.34305555555555556
2025-05-30 00:00:00;210.59027777777777;1.2671861111111111;247.18916666666667;954.6757500000001;74.50611111111111;26.77219444444444;22.029111111111114;0.0;0.0;0.23194444444444445
2025-05-30 01:00:00;276.73583333333335;1.6447944444444444;273.13055555555553;954.1151111111111;76.14055555555555;26.289777777777775;21.91447222222222;0.0;0.0;0.050833333333333335
2025-05-30 02:00:00;287.71472222222224;1.992161111111111;262.31333333333333;954.0669722222223;77.08166666666666;26.00038888888889;21.88083333333333;0.0;0.0;0.18944444444444444
2025-05-30 03:00:00;198.45805555555555;1.0982;185.05444444444444;953.6734166666666;78.10555555555555;25.690388888888886;21.756777777777778;0.0;0.0;0.06722222222222222
2025-05-30 04:00:00;238.3686111111111;1.1649166666666666;237.06416666666667;953.7585555555555;79.82777777777778;25.273666666666667;21.71077777777778;0.0;0.0;0.7813888888888889
2025-05-30 05:00:00;181.52694444444444;1.0331916666666665;158.22194444444443;954.2733888888889;84.02472222222222;24.091611111111114;21.380277777777778;0.0;0.0;0.4691666666666667
2025-05-30 06:00:00;132.83166666666668;0.9622722222222222;116.23027777777777;954.8899166666667;84.73833333333333;24.03436111111111;21.47652777777778;0.0;0.0;30.585277777777776
2025-05-30 07:00:00;95.00805555555556;1.1849277777777778;74.92972222222222;955.2726388888889;79.07694444444445;25.67186111111111;21.929611111111114;0.0;0.0;117.52805555555555
2025-05-30 08:00:00;196.82638888888889;1.7835777777777777;196.37555555555556;955.6448055555556;70.94055555555556;27.57563888888889;21.98575;0.0;0.0;282.1536111111111
2025-05-30 09:00:00;212.45583333333335;2.024941666666667;252.8161111111111;955.3068333333333;65.33472222222223;28.903694444444444;21.908027777777775;0.0;0.0;442.0711111111111
2025-05-30 10:00:00;210.28944444444446;2.033377777777778;279.1713888888889;955.0005555555556;60.8;30.270888888888887;22.03375;0.0;0.0;551.6083333333333
2025-05-30 11:00:00;273.89916666666664;3.136825;263.37805555555553;954.5794166666666;59.064166666666665;31.00475;22.258999999999997;0.0;0.0;640.4986111111111
2025-05-30 12:00:00;270.6933333333333;3.0541;251.3672222222222;953.5980277777777;55.39833333333333;32.02136111111111;22.144416666666665;0.0;0.0;661.9130555555555
2025-05-30 13:00:00;270.50083333333333;2.790516666666667;247.6977777777778;952.4105833333333;54.43472222222222;32.23561111111111;22.079805555555556;0.0;0.0;549.7547222222222
2025-05-30 14:00:00;254.08916666666667;3.183394444444444;229.0861111111111;951.7479999999999;54.67444444444445;31.920111111111108;21.853194444444444;0.0;0.0;456.03555555555556
2025-05-30 15:00:00;231.23555555555555;2.791775;220.94722222222222;951.5871666666667;56.248333333333335;31.483999999999998;21.899555555555555;0.0;0.0;319.8822222222222
2025-05-30 16:00:00;249.64888888888888;2.475325;236.10583333333332;951.5845833333333;59.22;30.588361111111112;21.905194444444444;0.0;0.0;197.9127777777778
2025-05-30 17:00:00;182.655;1.8583555555555555;168.57861111111112;952.6885;78.07722222222222;26.658222222222225;22.503027777777778;0.0;0.0;31.439722222222223
2025-05-30 18:00:00;79.41361111111111;2.263997222222222;70.10833333333333;954.2473333333334;90.8861111111111;23.674111111111113;22.24652777777778;0.0;0.0;1.1088888888888888
2025-05-30 19:00:00;172.97583333333333;0.5550166666666666;174.57166666666666;955.0573888888889;92.53944444444444;23.01286111111111;21.89252777777778;0.0;0.0;0.7830555555555555
2025-05-30 20:00:00;178.74506054811982;0.6221287444231995;188.9987253027406;955.423326959847;93.97004461440407;23.12944550669216;22.254365838113447;0.0;0.0;0.6475462077756533
